{"cameraMode":{"drawMode":0,"name":"Shaded","section":"Shading Mode"},"sceneLighting":true,"audioPlay":false,"sceneViewState":{"showFog":false,"showMaterialUpdate":true,"showSkybox":true,"showFlares":false,"showImageEffects":false,"showParticleSystems":false},"in2DMode":false,"pivot":{"x":-0.6860228776931763,"y":1.8509451150894166,"z":2.441742181777954},"rotation":{"x":0.18787071108818055,"y":-0.007957222871482373,"z":0.00152203522156924,"w":0.9821606278419495},"size":4.1455535888671879,"orthographic":false}