{"cameraMode":{"drawMode":0,"name":"Shaded","section":"Shading Mode"},"sceneLighting":false,"audioPlay":false,"sceneViewState":{"showFog":false,"showMaterialUpdate":true,"showSkybox":false,"showFlares":false,"showImageEffects":false,"showParticleSystems":false},"in2DMode":false,"pivot":{"x":2.6448049545288088,"y":0.8456043004989624,"z":2.01509165763855},"rotation":{"x":0.26422151923179629,"y":0.15255683660507203,"z":-0.04236879572272301,"w":0.9513774514198303},"size":1.8429670333862305,"orthographic":false}