{"cameraMode":{"drawMode":0,"name":"Shaded","section":"Shading Mode"},"sceneLighting":true,"audioPlay":false,"sceneViewState":{"showFog":false,"showMaterialUpdate":true,"showSkybox":true,"showFlares":false,"showImageEffects":false,"showParticleSystems":false},"in2DMode":false,"pivot":{"x":-3.4102301597595217,"y":0.5812175273895264,"z":-1.9295737743377686},"rotation":{"x":0.5288276672363281,"y":-0.0424845889210701,"z":0.026517236605286599,"w":0.8472535014152527},"size":2.416222333908081,"orthographic":false}