{"cameraMode":{"drawMode":0,"name":"Shaded","section":"Shading Mode"},"sceneLighting":false,"audioPlay":false,"sceneViewState":{"showFog":false,"showMaterialUpdate":true,"showSkybox":false,"showFlares":false,"showImageEffects":false,"showParticleSystems":false},"in2DMode":false,"pivot":{"x":3.4324707984924318,"y":0.05081334710121155,"z":0.514014720916748},"rotation":{"x":0.0016562655800953508,"y":0.9923547506332398,"z":-0.12267892807722092,"w":0.013397605158388615},"size":1.2152478694915772,"orthographic":false}