{"cameraMode":{"drawMode":0,"name":"Shaded","section":"Shading Mode"},"sceneLighting":false,"audioPlay":false,"sceneViewState":{"showFog":false,"showMaterialUpdate":true,"showSkybox":false,"showFlares":false,"showImageEffects":false,"showParticleSystems":false},"in2DMode":false,"pivot":{"x":-0.7758793830871582,"y":1.084781289100647,"z":1.5963263511657715},"rotation":{"x":0.13757982850074769,"y":-0.7701742649078369,"z":0.17749015986919404,"w":0.5969935655593872},"size":1.3029062747955323,"orthographic":false}