{"cameraMode":{"drawMode":0,"name":"Shaded","section":"Shading Mode"},"sceneLighting":false,"audioPlay":false,"sceneViewState":{"showFog":false,"showMaterialUpdate":true,"showSkybox":false,"showFlares":false,"showImageEffects":false,"showParticleSystems":false},"in2DMode":false,"pivot":{"x":0.09997604787349701,"y":1.056960105895996,"z":-0.17931312322616578},"rotation":{"x":0.24497096240520478,"y":-0.008725633844733239,"z":0.002204798860475421,"w":0.969488799571991},"size":0.7764412760734558,"orthographic":false}