{"cameraMode":{"drawMode":0,"name":"Shaded","section":"Shading Mode"},"sceneLighting":false,"audioPlay":false,"sceneViewState":{"showFog":false,"showMaterialUpdate":true,"showSkybox":false,"showFlares":false,"showImageEffects":false,"showParticleSystems":false},"in2DMode":false,"pivot":{"x":-0.2302124947309494,"y":0.013369768857955933,"z":0.5420408844947815},"rotation":{"x":0.1766422986984253,"y":0.09961635619401932,"z":-0.017972612753510476,"w":0.9790597558021545},"size":1.0186166763305665,"orthographic":false}