{"cameraMode":{"drawMode":0,"name":"Shaded","section":"Shading Mode"},"sceneLighting":false,"audioPlay":false,"sceneViewState":{"showFog":false,"showMaterialUpdate":true,"showSkybox":false,"showFlares":false,"showImageEffects":false,"showParticleSystems":false},"in2DMode":false,"pivot":{"x":2.01902437210083,"y":1.134753942489624,"z":1.329942226409912},"rotation":{"x":0.20258787274360658,"y":-0.0014689071103930474,"z":0.00030387332662940025,"w":0.9792633056640625},"size":0.8451831936836243,"orthographic":false}