{"cameraMode":{"drawMode":0,"name":"Shaded","section":"Shading Mode"},"sceneLighting":false,"audioPlay":false,"sceneViewState":{"showFog":false,"showMaterialUpdate":true,"showSkybox":false,"showFlares":false,"showImageEffects":false,"showParticleSystems":false},"in2DMode":false,"pivot":{"x":3.1447927951812746,"y":0.8826788663864136,"z":2.1837425231933595},"rotation":{"x":0.35991621017456057,"y":0.24080154299736024,"z":-0.0967094749212265,"w":0.8961712718009949},"size":1.9622833728790284,"orthographic":false}