{"cameraMode":{"drawMode":0,"name":"Shaded","section":"Shading Mode"},"sceneLighting":false,"audioPlay":false,"sceneViewState":{"showFog":false,"showMaterialUpdate":true,"showSkybox":false,"showFlares":false,"showImageEffects":false,"showParticleSystems":false},"in2DMode":false,"pivot":{"x":0.7499595880508423,"y":2.148710012435913,"z":2.432511329650879},"rotation":{"x":0.3918739855289459,"y":0.08262868225574494,"z":-0.03536441549658775,"w":0.915621817111969},"size":0.8573654294013977,"orthographic":false}