{"cameraMode":{"drawMode":0,"name":"Shaded","section":"Shading Mode"},"sceneLighting":false,"audioPlay":false,"sceneViewState":{"showFog":false,"showMaterialUpdate":true,"showSkybox":false,"showFlares":false,"showImageEffects":false,"showParticleSystems":false},"in2DMode":false,"pivot":{"x":-2.4000000953674318,"y":0.949999988079071,"z":1.75},"rotation":{"x":0.10778714716434479,"y":0.007456233724951744,"z":-0.0008084189030341804,"w":0.9941457509994507},"size":2.485975742340088,"orthographic":false}